customer_id,customer_name,balance,account_open_date,status
1,Customer_1,4134.79,2022-04-26,Active
2,Customer_2,3724.9,2022-10-29,Active
3,Customer_3,3594.94,2022-08-21,Active
4,Customer_4,3950.56,2022-02-21,Active
5,Customer_5,4186.5,2022-04-19,Active
6,Customer_6,3687.91,2022-04-15,Active
7,Customer_7,1343.97,2022-01-27,Active
8,Customer_8,2241.14,2022-04-18,Active
9,Customer_9,2648.57,2022-08-03,Active
10,Customer_10,3879.34,2022-07-19,Active
11,Customer_11,3810.28,2022-10-29,Active
12,Customer_12,2304.4,2022-05-24,Active
13,Customer_13,4600.72,2022-11-27,Active
14,Customer_14,4648.14,2022-01-15,Active
15,Customer_15,1803.4,2022-04-02,Active
16,Customer_16,1029.94,2022-01-22,Active
17,Customer_17,2457.67,2022-12-17,Active
18,Customer_18,1753.99,2022-03-09,Active
19,Customer_19,3170.49,2022-08-18,Active
20,Customer_20,1978.92,2022-03-25,Active
21,Customer_21,1305.99,2022-11-14,Active
22,Customer_22,1710.41,2022-12-23,Active
23,Customer_23,3146.15,2022-09-02,Active
24,Customer_24,2020.55,2022-08-07,Active
25,Customer_25,4845.08,2022-10-21,Active
26,Customer_26,2434.44,2022-10-30,Active
27,Customer_27,4198.32,2022-09-20,Active
28,Customer_28,3132.39,2022-07-06,Active
29,Customer_29,3338.05,2022-05-30,Active
30,Customer_30,3637.85,2022-05-14,Active
31,Customer_31,1858.44,2022-03-28,Active
32,Customer_32,1848.43,2022-08-17,Active
33,Customer_33,3364.07,2022-05-10,Active
34,Customer_34,2220.31,2022-01-13,Active
35,Customer_35,3144.65,2022-05-25,Active
36,Customer_36,2274.4,2022-05-13,Active
37,Customer_37,1435.56,2022-08-13,Active
38,Customer_38,1462.53,2022-12-16,Active
39,Customer_39,2904.94,2022-02-10,Active
40,Customer_40,4401.66,2022-09-18,Active
41,Customer_41,4633.62,2022-03-18,Active
42,Customer_42,3670.97,2022-12-25,Active
43,Customer_43,1432.99,2022-08-23,Active
44,Customer_44,1835.43,2022-06-22,Active
45,Customer_45,3028.95,2022-09-21,Active
46,Customer_46,4923.98,2022-12-11,Active
47,Customer_47,4471.94,2022-04-19,Active
48,Customer_48,2176.31,2022-03-03,Active
49,Customer_49,2476.36,2022-08-17,Active
50,Customer_50,3247.12,2022-07-03,Active
51,Customer_51,2463.96,2022-03-09,Active
52,Customer_52,2304.68,2022-11-13,Active
53,Customer_53,2610.66,2022-03-10,Active
54,Customer_54,1425.62,2022-09-30,Active
55,Customer_55,3391.01,2022-05-02,Active
56,Customer_56,1839.78,2022-10-27,Active
57,Customer_57,3777.1,2022-11-02,Active
58,Customer_58,3865.43,2022-12-21,Active
59,Customer_59,2581.67,2022-05-05,Active
60,Customer_60,3138.23,2022-10-27,Active
61,Customer_61,3905.51,2022-09-17,Active
62,Customer_62,2404.85,2022-10-26,Active
63,Customer_63,4518.15,2022-03-25,Active
64,Customer_64,2072.96,2022-10-20,Active
65,Customer_65,4558.14,2022-06-07,Active
66,Customer_66,3439.85,2022-12-04,Active
67,Customer_67,2773.72,2022-01-01,Active
68,Customer_68,4458.04,2022-10-26,Active
69,Customer_69,1942.7,2022-09-03,Active
70,Customer_70,1780.94,2022-05-28,Active
71,Customer_71,1536.57,2022-08-31,Active
72,Customer_72,2442.94,2022-12-08,Active
73,Customer_73,1623.38,2022-08-04,Active
74,Customer_74,4823.31,2022-04-06,Active
75,Customer_75,4468.38,2022-05-29,Active
76,Customer_76,3233.47,2022-01-03,Active
77,Customer_77,4578.18,2022-01-25,Active
78,Customer_78,2812.73,2022-07-16,Active
79,Customer_79,4834.39,2022-11-20,Active
80,Customer_80,2483.84,2022-01-21,Active
81,Customer_81,1780.06,2022-01-11,Active
82,Customer_82,2580.88,2022-02-19,Active
83,Customer_83,3058.04,2022-07-24,Active
84,Customer_84,4740.83,2022-08-02,Active
85,Customer_85,2264.18,2022-07-02,Active
86,Customer_86,3778.51,2022-01-23,Active
87,Customer_87,2152.68,2022-01-26,Active
88,Customer_88,4855.3,2022-09-04,Active
89,Customer_89,4828.81,2022-03-29,Active
90,Customer_90,4018.62,2022-07-29,Active
91,Customer_91,1917.76,2022-11-26,Active
92,Customer_92,1444.18,2022-06-12,Active
93,Customer_93,3091.74,2022-05-23,Active
94,Customer_94,1650.3,2022-04-10,Active
95,Customer_95,4708.79,2022-09-15,Active
96,Customer_96,3151.52,2022-06-10,Active
97,Customer_97,2961.87,2022-02-27,Active
98,Customer_98,1494.05,2022-07-04,Active
99,Customer_99,2142.09,2022-01-30,Active
100,Customer_100,4504.48,2022-12-29,Active
101,Customer_101,1674.76,2022-09-26,Active
102,Customer_102,1244.75,2022-09-26,Active
103,Customer_103,4203.35,2022-07-15,Active
104,Customer_104,1194.28,2022-02-18,Active
105,Customer_105,2689.91,2022-04-23,Active
106,Customer_106,4172.23,2022-04-01,Active
107,Customer_107,4909.22,2022-04-22,Active
108,Customer_108,2662.25,2022-07-28,Active
109,Customer_109,1262.55,2022-05-15,Active
110,Customer_110,3990.36,2022-06-29,Active
111,Customer_111,3987.86,2022-01-05,Active
112,Customer_112,1680.85,2022-12-02,Active
113,Customer_113,2804.17,2022-06-15,Active
114,Customer_114,3628.1,2022-02-21,Active
115,Customer_115,3631.09,2022-11-25,Active
116,Customer_116,1281.85,2022-03-10,Active
117,Customer_117,2947.31,2022-04-23,Active
118,Customer_118,4433.32,2022-08-26,Active
119,Customer_119,3971.73,2022-11-13,Active
120,Customer_120,2030.69,2022-08-09,Active
121,Customer_121,1511.2,2022-05-23,Active
122,Customer_122,4943.04,2022-09-13,Active
123,Customer_123,4682.01,2022-07-30,Active
124,Customer_124,3641.02,2022-11-18,Active
125,Customer_125,2345.04,2022-09-17,Active
126,Customer_126,2581.26,2022-06-04,Active
127,Customer_127,4591.49,2022-04-20,Active
128,Customer_128,4503.55,2022-12-28,Active
129,Customer_129,3887.73,2022-08-14,Active
130,Customer_130,2709.72,2022-11-11,Active
131,Customer_131,3901.35,2022-03-26,Active
132,Customer_132,2337.72,2022-11-08,Active
133,Customer_133,2102.58,2022-11-24,Active
134,Customer_134,2128.21,2022-03-02,Active
135,Customer_135,1759.7,2022-03-19,Active
136,Customer_136,2388.61,2022-09-29,Active
137,Customer_137,4129.19,2022-03-11,Active
138,Customer_138,2090.2,2022-08-05,Active
139,Customer_139,2435.51,2022-01-19,Active
140,Customer_140,3633.84,2022-09-19,Active
141,Customer_141,4946.33,2022-01-01,Active
142,Customer_142,4548.74,2022-01-26,Active
143,Customer_143,2032.08,2022-06-12,Active
144,Customer_144,3543.11,2022-03-23,Active
145,Customer_145,4442.28,2022-06-07,Active
146,Customer_146,4006.23,2022-12-16,Active
147,Customer_147,2157.63,2022-03-23,Active
148,Customer_148,2994.69,2022-12-08,Active
149,Customer_149,2950.99,2022-05-28,Active
150,Customer_150,4068.37,2022-10-10,Active
151,Customer_151,2876.6,2022-05-10,Active
152,Customer_152,1695.42,2022-02-06,Active
153,Customer_153,1178.34,2022-12-03,Active
154,Customer_154,4318.06,2022-08-06,Active
155,Customer_155,4849.34,2022-07-04,Active
156,Customer_156,3242.43,2022-12-05,Active
157,Customer_157,3932.43,2022-09-07,Active
158,Customer_158,2001.54,2022-02-08,Active
159,Customer_159,4405.66,2022-07-08,Active
160,Customer_160,1671.11,2022-11-20,Active
161,Customer_161,2666.71,2022-08-09,Active
162,Customer_162,3808.6,2022-08-16,Active
163,Customer_163,2211.46,2022-11-14,Active
164,Customer_164,1812.02,2022-09-30,Active
165,Customer_165,1868.57,2022-10-25,Active
166,Customer_166,1827.78,2022-05-29,Active
167,Customer_167,1871.76,2022-12-08,Active
168,Customer_168,2101.51,2022-11-12,Active
169,Customer_169,2101.35,2022-06-05,Active
170,Customer_170,1907.69,2022-05-15,Active
171,Customer_171,1951.01,2022-08-10,Active
172,Customer_172,1261.12,2022-12-15,Active
173,Customer_173,3488.0,2022-02-03,Active
174,Customer_174,4615.12,2022-08-27,Active
175,Customer_175,3892.63,2022-09-17,Active
176,Customer_176,4937.09,2022-10-28,Active
177,Customer_177,2779.66,2022-06-26,Active
178,Customer_178,2101.62,2022-12-21,Active
179,Customer_179,4860.52,2022-04-25,Active
180,Customer_180,2964.01,2022-05-06,Active
181,Customer_181,2667.53,2022-06-24,Active
182,Customer_182,4793.51,2022-08-21,Active
183,Customer_183,2651.77,2022-05-11,Active
184,Customer_184,3079.57,2022-03-15,Active
185,Customer_185,1926.65,2022-01-01,Active
186,Customer_186,1938.11,2022-09-22,Active
187,Customer_187,2081.32,2022-09-06,Active
188,Customer_188,4201.78,2022-06-25,Active
189,Customer_189,4838.07,2022-01-10,Active
190,Customer_190,3273.88,2022-09-23,Active
191,Customer_191,2374.98,2022-08-17,Active
192,Customer_192,1888.26,2022-10-02,Active
193,Customer_193,3012.17,2022-11-23,Active
194,Customer_194,3816.63,2022-05-03,Active
195,Customer_195,2340.68,2022-06-28,Active
196,Customer_196,3082.21,2022-06-12,Active
197,Customer_197,4079.04,2022-11-23,Active
198,Customer_198,4227.0,2022-04-01,Active
199,Customer_199,3569.89,2022-01-01,Active
200,Customer_200,3855.49,2022-04-03,Active
201,Customer_201,4712.19,2022-03-29,Active
202,Customer_202,1856.38,2022-08-01,Active
203,Customer_203,4509.55,2022-04-26,Active
204,Customer_204,4240.7,2022-01-02,Active
205,Customer_205,1587.4,2022-07-02,Active
206,Customer_206,1199.89,2022-12-05,Active
207,Customer_207,2744.0,2022-09-09,Active
208,Customer_208,3870.63,2022-10-01,Active
209,Customer_209,2420.07,2022-05-01,Active
210,Customer_210,1852.36,2022-06-10,Active
211,Customer_211,3124.45,2022-02-08,Active
212,Customer_212,4971.06,2022-04-08,Active
213,Customer_213,1934.47,2022-07-23,Active
214,Customer_214,1895.48,2022-06-18,Active
215,Customer_215,3568.95,2022-10-07,Active
216,Customer_216,2180.99,2022-03-09,Active
217,Customer_217,3047.97,2022-04-26,Active
218,Customer_218,2853.28,2022-06-30,Active
219,Customer_219,4719.49,2022-01-16,Active
220,Customer_220,2800.57,2022-03-28,Active
221,Customer_221,3415.34,2022-11-16,Active
222,Customer_222,3058.59,2022-02-10,Active
223,Customer_223,3627.47,2022-08-14,Active
224,Customer_224,2698.46,2022-07-20,Active
225,Customer_225,2877.76,2022-02-19,Active
226,Customer_226,2229.42,2022-05-30,Active
227,Customer_227,3685.26,2022-09-21,Active
228,Customer_228,1491.29,2022-11-27,Active
229,Customer_229,3714.64,2022-02-28,Active
230,Customer_230,2105.22,2022-06-05,Active
231,Customer_231,4281.49,2022-12-07,Active
232,Customer_232,2689.36,2022-08-31,Active
233,Customer_233,2152.67,2022-03-12,Active
234,Customer_234,2903.81,2022-11-12,Active
235,Customer_235,3878.37,2022-09-26,Active
236,Customer_236,3888.05,2022-08-16,Active
237,Customer_237,2870.32,2022-09-13,Active
238,Customer_238,3289.7,2022-08-09,Active
239,Customer_239,3228.86,2022-06-25,Active
240,Customer_240,4211.01,2022-07-19,Active
241,Customer_241,1594.76,2022-12-28,Active
242,Customer_242,4828.38,2022-10-01,Active
243,Customer_243,4330.75,2022-08-07,Active
244,Customer_244,3450.18,2022-06-29,Active
245,Customer_245,1554.68,2022-03-14,Active
246,Customer_246,2029.85,2022-03-15,Active
247,Customer_247,2397.75,2022-04-20,Active
248,Customer_248,3456.07,2022-04-29,Active
249,Customer_249,1679.04,2022-04-25,Active
250,Customer_250,1330.22,2022-09-17,Active
251,Customer_251,4092.74,2022-08-10,Active
252,Customer_252,3537.33,2022-11-12,Active
253,Customer_253,2447.47,2022-11-08,Active
254,Customer_254,2132.97,2022-06-28,Active
255,Customer_255,4338.43,2022-02-24,Active
256,Customer_256,4208.98,2022-03-26,Active
257,Customer_257,2889.09,2022-04-19,Active
258,Customer_258,1289.29,2022-05-02,Active
259,Customer_259,1529.58,2022-10-13,Active
260,Customer_260,4456.6,2022-08-26,Active
261,Customer_261,1924.41,2022-02-28,Active
262,Customer_262,2785.67,2022-01-24,Active
263,Customer_263,4166.43,2022-05-08,Active
264,Customer_264,3860.34,2022-11-28,Active
265,Customer_265,3730.39,2022-06-14,Active
266,Customer_266,2046.78,2022-01-06,Active
267,Customer_267,1234.0,2022-12-24,Active
268,Customer_268,1370.7,2022-08-29,Active
269,Customer_269,4409.81,2022-11-17,Active
270,Customer_270,3217.2,2022-04-09,Active
271,Customer_271,4870.99,2022-10-23,Active
272,Customer_272,3277.83,2022-06-18,Active
273,Customer_273,3699.34,2022-04-27,Active
274,Customer_274,4132.17,2022-06-14,Active
275,Customer_275,4790.13,2022-11-19,Active
276,Customer_276,4422.81,2022-03-25,Active
277,Customer_277,3726.96,2022-05-20,Active
278,Customer_278,3523.34,2022-09-11,Active
279,Customer_279,3397.28,2022-04-16,Active
280,Customer_280,1388.8,2022-04-05,Active
281,Customer_281,2409.16,2022-10-25,Active
282,Customer_282,1416.15,2022-04-29,Active
283,Customer_283,1007.81,2022-07-23,Active
284,Customer_284,2446.58,2022-06-08,Active
285,Customer_285,2774.79,2022-09-17,Active
286,Customer_286,3885.54,2022-01-28,Active
287,Customer_287,1680.99,2022-04-06,Active
288,Customer_288,1102.65,2022-05-19,Active
289,Customer_289,3798.69,2022-08-22,Active
290,Customer_290,1702.2,2022-05-25,Active
291,Customer_291,1896.95,2022-02-15,Active
292,Customer_292,3210.72,2022-12-30,Active
293,Customer_293,3074.39,2022-01-02,Active
294,Customer_294,2871.74,2022-11-26,Active
295,Customer_295,3804.8,2022-06-02,Active
296,Customer_296,4094.12,2022-10-09,Active
297,Customer_297,1046.5,2022-09-29,Active
298,Customer_298,3530.87,2022-12-14,Active
299,Customer_299,1447.35,2022-02-04,Active
300,Customer_300,2276.05,2022-07-11,Active
301,Customer_301,1353.56,2022-01-03,Active
302,Customer_302,2663.13,2022-09-30,Active
303,Customer_303,2937.46,2022-07-27,Active
304,Customer_304,2298.62,2022-01-30,Active
305,Customer_305,2930.38,2022-09-22,Active
306,Customer_306,3001.75,2022-07-04,Active
307,Customer_307,1620.03,2022-08-29,Active
308,Customer_308,1774.32,2022-12-26,Active
309,Customer_309,1487.19,2022-11-17,Active
310,Customer_310,4128.14,2022-01-06,Active
311,Customer_311,1238.86,2022-03-04,Active
312,Customer_312,4493.67,2022-11-09,Active
313,Customer_313,2602.9,2022-05-18,Active
314,Customer_314,4346.8,2022-01-23,Active
315,Customer_315,1159.52,2022-12-07,Active
316,Customer_316,4512.62,2022-09-09,Active
317,Customer_317,3061.48,2022-02-28,Active
318,Customer_318,1291.52,2022-11-20,Active
319,Customer_319,4080.49,2022-10-18,Active
320,Customer_320,1303.28,2022-08-26,Active
321,Customer_321,1424.72,2022-08-06,Active
322,Customer_322,1682.36,2022-07-26,Active
323,Customer_323,1175.83,2022-11-20,Active
324,Customer_324,2789.21,2022-10-30,Active
325,Customer_325,4781.93,2022-06-11,Active
326,Customer_326,2891.28,2022-04-14,Active
327,Customer_327,4812.78,2022-09-06,Active
328,Customer_328,3578.24,2022-12-20,Active
329,Customer_329,2335.51,2022-02-21,Active
330,Customer_330,1533.96,2022-11-15,Active
331,Customer_331,3317.4,2022-06-30,Active
332,Customer_332,4030.38,2022-08-11,Active
333,Customer_333,2277.38,2022-07-08,Active
334,Customer_334,3859.97,2022-04-20,Active
335,Customer_335,4005.71,2022-03-30,Active
336,Customer_336,3713.98,2022-07-04,Active
337,Customer_337,2404.05,2022-04-05,Active
338,Customer_338,3107.67,2022-07-09,Active
339,Customer_339,1116.08,2022-04-13,Active
340,Customer_340,2347.79,2022-01-26,Active
341,Customer_341,1033.45,2022-10-11,Active
342,Customer_342,2972.49,2022-05-13,Active
343,Customer_343,4516.0,2022-02-25,Active
344,Customer_344,1501.69,2022-11-14,Active
345,Customer_345,4152.91,2022-05-18,Active
346,Customer_346,2433.13,2022-01-03,Active
347,Customer_347,3502.32,2022-01-25,Active
348,Customer_348,3520.32,2022-03-01,Active
349,Customer_349,3822.77,2022-02-23,Active
350,Customer_350,4771.5,2022-09-19,Active
351,Customer_351,2484.51,2022-01-26,Active
352,Customer_352,2609.21,2022-08-23,Active
353,Customer_353,1594.72,2022-02-09,Active
354,Customer_354,3584.75,2022-08-20,Active
355,Customer_355,4301.26,2022-08-26,Active
356,Customer_356,3200.89,2022-11-12,Active
357,Customer_357,4023.92,2022-05-01,Active
358,Customer_358,2345.43,2022-06-14,Active
359,Customer_359,4942.14,2022-11-23,Active
360,Customer_360,4040.79,2022-06-16,Active
361,Customer_361,2192.58,2022-04-14,Active
362,Customer_362,2182.77,2022-10-17,Active
363,Customer_363,1323.52,2022-02-02,Active
364,Customer_364,3917.05,2022-09-11,Active
365,Customer_365,4830.57,2022-02-07,Active
366,Customer_366,4547.35,2022-05-14,Active
367,Customer_367,4441.4,2022-09-13,Active
368,Customer_368,3373.25,2022-06-20,Active
369,Customer_369,3098.81,2022-11-19,Active
370,Customer_370,2407.77,2022-11-28,Active
371,Customer_371,4648.5,2022-01-28,Active
372,Customer_372,2631.57,2022-01-03,Active
373,Customer_373,1913.73,2022-10-29,Active
374,Customer_374,4176.05,2022-01-02,Active
375,Customer_375,1733.63,2022-05-03,Active
376,Customer_376,3975.98,2022-09-05,Active
377,Customer_377,1481.9,2022-12-30,Active
378,Customer_378,1071.61,2022-05-21,Active
379,Customer_379,3926.97,2022-05-02,Active
380,Customer_380,3018.01,2022-12-23,Active
381,Customer_381,4996.6,2022-04-29,Active
382,Customer_382,2000.11,2022-06-05,Active
383,Customer_383,3793.94,2022-06-27,Active
384,Customer_384,4432.01,2022-08-29,Active
385,Customer_385,3856.61,2022-11-26,Active
386,Customer_386,4448.12,2022-02-24,Active
387,Customer_387,3063.95,2022-11-26,Active
388,Customer_388,4671.52,2022-10-22,Active
389,Customer_389,1749.27,2022-09-24,Active
390,Customer_390,2331.07,2022-05-28,Active
391,Customer_391,1181.06,2022-02-27,Active
392,Customer_392,4485.72,2022-04-26,Active
393,Customer_393,3983.91,2022-11-27,Active
394,Customer_394,2163.08,2022-09-07,Active
395,Customer_395,1098.03,2022-03-25,Active
396,Customer_396,4797.5,2022-09-18,Active
397,Customer_397,4154.94,2022-01-19,Active
398,Customer_398,2839.67,2022-09-06,Active
399,Customer_399,1693.77,2022-09-01,Active
400,Customer_400,4351.45,2022-10-19,Active
401,Customer_401,4469.71,2022-11-01,Active
402,Customer_402,4509.9,2022-08-20,Active
403,Customer_403,1320.12,2022-12-23,Active
404,Customer_404,1641.52,2022-10-11,Active
405,Customer_405,4943.95,2022-08-19,Active
406,Customer_406,2685.52,2022-07-29,Active
407,Customer_407,2763.02,2022-09-06,Active
408,Customer_408,3872.9,2022-10-21,Active
409,Customer_409,3399.91,2022-12-03,Active
410,Customer_410,2209.23,2022-03-01,Active
411,Customer_411,2963.44,2022-12-31,Active
412,Customer_412,4239.21,2022-03-17,Active
413,Customer_413,4052.42,2022-11-24,Active
414,Customer_414,3177.65,2022-09-08,Active
415,Customer_415,2197.7,2022-12-15,Active
416,Customer_416,3366.38,2022-10-17,Active
417,Customer_417,3839.36,2022-12-14,Active
418,Customer_418,1547.52,2022-01-12,Active
419,Customer_419,1265.11,2022-06-08,Active
420,Customer_420,3457.78,2022-10-09,Active
421,Customer_421,2144.27,2022-04-20,Active
422,Customer_422,2946.72,2022-10-04,Active
423,Customer_423,1302.53,2022-11-18,Active
424,Customer_424,2722.43,2022-12-31,Active
425,Customer_425,4403.41,2022-01-13,Active
426,Customer_426,2197.5,2022-05-01,Active
427,Customer_427,4344.6,2022-05-20,Active
428,Customer_428,4641.57,2022-09-26,Active
429,Customer_429,2389.38,2022-10-27,Active
430,Customer_430,4369.43,2022-05-24,Active
431,Customer_431,3074.57,2022-01-03,Active
432,Customer_432,4990.7,2022-10-12,Active
433,Customer_433,2968.92,2022-03-09,Active
434,Customer_434,4269.29,2022-03-28,Active
435,Customer_435,3949.3,2022-12-14,Active
436,Customer_436,3254.66,2022-09-20,Active
437,Customer_437,2000.32,2022-02-12,Active
438,Customer_438,2512.13,2022-06-20,Active
439,Customer_439,3094.21,2022-03-14,Active
440,Customer_440,1418.89,2022-10-27,Active
441,Customer_441,4817.98,2022-02-23,Active
442,Customer_442,1409.79,2022-06-24,Active
443,Customer_443,4224.16,2022-06-20,Active
444,Customer_444,2009.23,2022-03-05,Active
445,Customer_445,2857.28,2022-08-08,Active
446,Customer_446,4946.49,2022-07-02,Active
447,Customer_447,3386.19,2022-05-20,Active
448,Customer_448,3661.91,2022-07-28,Active
449,Customer_449,3233.26,2022-11-02,Active
450,Customer_450,2617.38,2022-11-22,Active
451,Customer_451,2963.35,2022-10-30,Active
452,Customer_452,4067.68,2022-09-20,Active
453,Customer_453,3651.57,2022-10-18,Active
454,Customer_454,4919.24,2022-11-26,Active
455,Customer_455,2099.74,2022-08-22,Active
456,Customer_456,4157.14,2022-08-28,Active
457,Customer_457,4773.63,2022-12-29,Active
458,Customer_458,1206.72,2022-01-14,Active
459,Customer_459,1625.14,2022-07-13,Active
460,Customer_460,4547.09,2022-11-06,Active
461,Customer_461,4330.9,2022-07-31,Active
462,Customer_462,1619.41,2022-04-29,Active
463,Customer_463,4070.56,2022-06-21,Active
464,Customer_464,2229.62,2022-06-17,Active
465,Customer_465,3992.27,2022-08-26,Active
466,Customer_466,2467.47,2022-08-30,Active
467,Customer_467,2990.28,2022-11-08,Active
468,Customer_468,3697.2,2022-08-18,Active
469,Customer_469,1953.59,2022-02-24,Active
470,Customer_470,1308.81,2022-07-30,Active
471,Customer_471,3239.08,2022-04-09,Active
472,Customer_472,4347.62,2022-03-14,Active
473,Customer_473,1464.06,2022-10-17,Active
474,Customer_474,2727.71,2022-01-25,Active
475,Customer_475,1250.05,2022-01-15,Active
476,Customer_476,3282.84,2022-11-25,Active
477,Customer_477,3597.52,2022-03-25,Active
478,Customer_478,2343.05,2022-06-26,Active
479,Customer_479,3252.71,2022-10-24,Active
480,Customer_480,3372.7,2022-06-11,Active
481,Customer_481,1344.62,2022-08-24,Active
482,Customer_482,3234.17,2022-01-26,Active
483,Customer_483,4976.43,2022-07-26,Active
484,Customer_484,2912.32,2022-09-19,Active
485,Customer_485,3404.14,2022-10-27,Active
486,Customer_486,3543.55,2022-08-29,Active
487,Customer_487,2255.13,2022-06-04,Active
488,Customer_488,3368.64,2022-10-17,Active
489,Customer_489,2908.22,2022-03-06,Active
490,Customer_490,3813.5,2022-06-12,Active
491,Customer_491,3029.45,2022-07-09,Active
492,Customer_492,2730.53,2022-12-20,Active
493,Customer_493,4505.08,2022-11-09,Active
494,Customer_494,2524.43,2022-10-20,Active
495,Customer_495,2512.68,2022-09-09,Active
496,Customer_496,1157.97,2022-12-15,Active
497,Customer_497,1379.13,2022-03-28,Active
498,Customer_498,2451.19,2022-10-15,Active
499,Customer_499,1832.04,2022-06-02,Active
500,Customer_500,1644.3,2022-09-07,Active
501,Customer_501,2709.36,2022-02-11,Active
502,Customer_502,3638.03,2022-08-23,Active
503,Customer_503,4436.71,2022-05-08,Active
504,Customer_504,2874.87,2022-06-10,Active
505,Customer_505,3302.56,2022-01-09,Active
506,Customer_506,3031.45,2022-11-17,Active
507,Customer_507,3481.34,2022-04-20,Active
508,Customer_508,3033.79,2022-03-23,Active
509,Customer_509,1703.68,2022-06-08,Active
510,Customer_510,4300.08,2022-10-11,Active
511,Customer_511,2212.53,2022-12-12,Active
512,Customer_512,4372.05,2022-01-20,Active
513,Customer_513,4848.7,2022-03-03,Active
514,Customer_514,3650.37,2022-05-19,Active
515,Customer_515,3225.83,2022-02-03,Active
516,Customer_516,3878.26,2022-09-06,Active
517,Customer_517,1770.02,2022-05-28,Active
518,Customer_518,3533.73,2022-02-05,Active
519,Customer_519,2943.06,2022-04-18,Active
520,Customer_520,2538.44,2022-08-06,Active
521,Customer_521,2567.94,2022-02-23,Active
522,Customer_522,3973.88,2022-05-11,Active
523,Customer_523,3456.88,2022-07-04,Active
524,Customer_524,3676.58,2022-09-16,Active
525,Customer_525,4966.03,2022-12-11,Active
526,Customer_526,3999.49,2022-03-06,Active
527,Customer_527,4695.11,2022-02-11,Active
528,Customer_528,3769.08,2022-05-28,Active
529,Customer_529,3156.07,2022-06-21,Active
530,Customer_530,4174.51,2022-12-17,Active
531,Customer_531,1797.78,2022-12-15,Active
532,Customer_532,2714.45,2022-08-21,Active
533,Customer_533,4555.6,2022-10-30,Active
534,Customer_534,1209.5,2022-08-30,Active
535,Customer_535,3084.96,2022-11-14,Active
536,Customer_536,1939.63,2022-07-27,Active
537,Customer_537,4211.69,2022-12-25,Active
538,Customer_538,1079.49,2022-06-09,Active
539,Customer_539,2964.97,2022-06-06,Active
540,Customer_540,1955.65,2022-02-11,Active
541,Customer_541,2883.61,2022-03-20,Active
542,Customer_542,3948.9,2022-08-25,Active
543,Customer_543,4392.24,2022-02-12,Active
544,Customer_544,4978.66,2022-07-31,Active
545,Customer_545,1627.61,2022-08-13,Active
546,Customer_546,3216.31,2022-09-14,Active
547,Customer_547,3434.88,2022-10-25,Active
548,Customer_548,3463.52,2022-12-27,Active
549,Customer_549,3223.96,2022-08-02,Active
550,Customer_550,1044.74,2022-07-23,Active
551,Customer_551,3813.5,2022-05-22,Active
552,Customer_552,4063.8,2022-05-18,Active
553,Customer_553,2745.52,2022-04-22,Active
554,Customer_554,3346.94,2022-08-06,Active
555,Customer_555,3157.67,2022-04-14,Active
556,Customer_556,2078.74,2022-10-29,Active
557,Customer_557,4392.64,2022-05-16,Active
558,Customer_558,1948.14,2022-12-24,Active
559,Customer_559,3827.36,2022-09-10,Active
560,Customer_560,2486.17,2022-02-04,Active
561,Customer_561,2231.31,2022-02-15,Active
562,Customer_562,3121.91,2022-01-11,Active
563,Customer_563,2150.18,2022-03-09,Active
564,Customer_564,2920.11,2022-03-26,Active
565,Customer_565,1932.57,2022-10-29,Active
566,Customer_566,4201.45,2022-02-26,Active
567,Customer_567,2534.17,2022-05-15,Active
568,Customer_568,3159.53,2022-11-19,Active
569,Customer_569,2183.91,2022-08-10,Active
570,Customer_570,1430.53,2022-10-25,Active
571,Customer_571,2238.01,2022-11-09,Active
572,Customer_572,4270.05,2022-06-06,Active
573,Customer_573,1305.91,2022-09-05,Active
574,Customer_574,2002.63,2022-01-07,Active
575,Customer_575,1174.14,2022-05-22,Active
576,Customer_576,2383.31,2022-03-22,Active
577,Customer_577,2951.5,2022-10-16,Active
578,Customer_578,4530.35,2022-10-23,Active
579,Customer_579,2218.33,2022-09-24,Active
580,Customer_580,3923.55,2022-01-28,Active
581,Customer_581,4289.73,2022-07-29,Active
582,Customer_582,2635.76,2022-10-01,Active
583,Customer_583,2959.55,2022-03-29,Active
584,Customer_584,4803.11,2022-06-21,Active
585,Customer_585,3366.93,2022-09-25,Active
586,Customer_586,4945.23,2022-04-17,Active
587,Customer_587,3470.1,2022-01-09,Active
588,Customer_588,3880.1,2022-11-14,Active
589,Customer_589,3753.08,2022-07-08,Active
590,Customer_590,3341.72,2022-02-21,Active
591,Customer_591,3305.47,2022-03-12,Active
592,Customer_592,4615.87,2022-07-30,Active
593,Customer_593,4601.69,2022-07-19,Active
594,Customer_594,1900.87,2022-04-21,Active
595,Customer_595,4608.68,2022-07-31,Active
596,Customer_596,2523.05,2022-11-18,Active
597,Customer_597,4159.16,2022-01-09,Active
598,Customer_598,4127.52,2022-02-13,Active
599,Customer_599,4554.44,2022-12-07,Active
600,Customer_600,4203.23,2022-12-04,Active
601,Customer_601,2928.59,2022-04-01,Active
602,Customer_602,4550.87,2022-08-14,Active
603,Customer_603,1615.55,2022-01-11,Active
604,Customer_604,2853.37,2022-03-03,Active
605,Customer_605,1753.2,2022-08-24,Active
606,Customer_606,2012.72,2022-06-12,Active
607,Customer_607,2347.17,2022-06-27,Active
608,Customer_608,4740.15,2022-09-10,Active
609,Customer_609,3710.68,2022-01-01,Active
610,Customer_610,2748.06,2022-03-05,Active
611,Customer_611,4259.84,2022-04-17,Active
612,Customer_612,1104.01,2022-02-18,Active
613,Customer_613,1795.87,2022-03-26,Active
614,Customer_614,3235.43,2022-05-03,Active
615,Customer_615,1630.7,2022-03-13,Active
616,Customer_616,3705.7,2022-04-15,Active
617,Customer_617,3835.58,2022-03-14,Active
618,Customer_618,3660.25,2022-04-20,Active
619,Customer_619,4350.56,2022-06-02,Active
620,Customer_620,1632.61,2022-04-05,Active
621,Customer_621,2728.54,2022-02-08,Active
622,Customer_622,3270.01,2022-03-20,Active
623,Customer_623,3759.86,2022-07-19,Active
624,Customer_624,2521.08,2022-08-02,Active
625,Customer_625,2144.39,2022-11-07,Active
626,Customer_626,3312.78,2022-09-30,Active
627,Customer_627,2572.95,2022-02-19,Active
628,Customer_628,1005.72,2022-03-08,Active
629,Customer_629,3203.52,2022-08-13,Active
630,Customer_630,2881.04,2022-09-21,Active
631,Customer_631,3544.25,2022-04-18,Active
632,Customer_632,1861.42,2022-04-03,Active
633,Customer_633,2951.89,2022-01-08,Active
634,Customer_634,4249.67,2022-04-30,Active
635,Customer_635,3026.85,2022-12-19,Active
636,Customer_636,4629.65,2022-10-04,Active
637,Customer_637,4153.46,2022-04-29,Active
638,Customer_638,3972.37,2022-08-18,Active
639,Customer_639,3095.22,2022-09-13,Active
640,Customer_640,3281.03,2022-03-23,Active
641,Customer_641,3885.37,2022-05-06,Active
642,Customer_642,4406.76,2022-05-07,Active
643,Customer_643,1883.81,2022-08-24,Active
644,Customer_644,3234.79,2022-02-07,Active
645,Customer_645,3461.35,2022-06-30,Active
646,Customer_646,4009.37,2022-07-21,Active
647,Customer_647,3599.04,2022-04-09,Active
648,Customer_648,2424.47,2022-07-02,Active
649,Customer_649,2940.84,2022-01-18,Active
650,Customer_650,3480.93,2022-09-28,Active
651,Customer_651,2240.15,2022-01-09,Active
652,Customer_652,2797.36,2022-08-09,Active
653,Customer_653,2943.15,2022-05-07,Active
654,Customer_654,3519.15,2022-01-02,Active
655,Customer_655,3814.49,2022-05-19,Active
656,Customer_656,2352.57,2022-04-04,Active
657,Customer_657,2691.12,2022-05-08,Active
658,Customer_658,4797.71,2022-12-15,Active
659,Customer_659,2446.12,2022-01-15,Active
660,Customer_660,3314.09,2022-08-03,Active
661,Customer_661,4740.26,2022-05-21,Active
662,Customer_662,3944.9,2022-04-22,Active
663,Customer_663,3206.31,2022-01-15,Active
664,Customer_664,3675.95,2022-12-19,Active
665,Customer_665,1143.15,2022-09-12,Active
666,Customer_666,4249.5,2022-07-19,Active
667,Customer_667,1968.48,2022-01-07,Active
668,Customer_668,3110.83,2022-07-05,Active
669,Customer_669,3412.95,2022-03-28,Active
670,Customer_670,3037.65,2022-12-26,Active
671,Customer_671,4472.72,2022-04-21,Active
672,Customer_672,3469.02,2022-07-02,Active
673,Customer_673,2990.1,2022-08-07,Active
674,Customer_674,2256.31,2022-09-22,Active
675,Customer_675,1025.62,2022-06-11,Active
676,Customer_676,2575.08,2022-01-08,Active
677,Customer_677,2962.49,2022-10-11,Active
678,Customer_678,3020.72,2022-12-20,Active
679,Customer_679,4175.58,2022-09-13,Active
680,Customer_680,2774.5,2022-10-30,Active
681,Customer_681,1843.07,2022-07-23,Active
682,Customer_682,4976.67,2022-09-17,Active
683,Customer_683,2863.26,2022-07-09,Active
684,Customer_684,3805.99,2022-08-11,Active
685,Customer_685,4789.13,2022-03-01,Active
686,Customer_686,2543.87,2022-07-30,Active
687,Customer_687,2470.4,2022-12-04,Active
688,Customer_688,1558.03,2022-09-28,Active
689,Customer_689,4863.29,2022-10-11,Active
690,Customer_690,3333.85,2022-09-18,Active
691,Customer_691,3727.81,2022-12-12,Active
692,Customer_692,1663.63,2022-10-16,Active
693,Customer_693,3181.21,2022-10-15,Active
694,Customer_694,2277.83,2022-07-11,Active
695,Customer_695,3415.36,2022-11-27,Active
696,Customer_696,2372.02,2022-06-13,Active
697,Customer_697,1703.18,2022-02-13,Active
698,Customer_698,3753.51,2022-07-25,Active
699,Customer_699,1326.13,2022-06-20,Active
700,Customer_700,4930.37,2022-08-28,Active
701,Customer_701,3255.43,2022-01-05,Active
702,Customer_702,1498.32,2022-12-14,Active
703,Customer_703,3006.91,2022-01-20,Active
704,Customer_704,1822.55,2022-04-14,Active
705,Customer_705,1698.34,2022-10-05,Active
706,Customer_706,4490.13,2022-01-30,Active
707,Customer_707,1320.33,2022-11-10,Active
708,Customer_708,3289.2,2022-10-10,Active
709,Customer_709,4959.73,2022-05-07,Active
710,Customer_710,2403.63,2022-06-12,Active
711,Customer_711,3351.62,2022-10-04,Active
712,Customer_712,3190.26,2022-10-16,Active
713,Customer_713,1470.67,2022-03-23,Active
714,Customer_714,4860.07,2022-06-01,Active
715,Customer_715,4210.98,2022-02-27,Active
716,Customer_716,4981.26,2022-03-04,Active
717,Customer_717,4382.47,2022-12-15,Active
718,Customer_718,3290.82,2022-03-11,Active
719,Customer_719,3370.44,2022-02-04,Active
720,Customer_720,2816.67,2022-09-21,Active
721,Customer_721,1743.07,2022-12-14,Active
722,Customer_722,4533.51,2022-12-27,Active
723,Customer_723,4228.52,2022-02-15,Active
724,Customer_724,2371.73,2022-04-30,Active
725,Customer_725,1343.16,2022-02-13,Active
726,Customer_726,1250.77,2022-03-09,Active
727,Customer_727,3376.5,2022-05-20,Active
728,Customer_728,1250.32,2022-09-01,Active
729,Customer_729,2793.44,2022-08-03,Active
730,Customer_730,3071.61,2022-11-22,Active
731,Customer_731,1322.28,2022-10-23,Active
732,Customer_732,3434.39,2022-03-17,Active
733,Customer_733,2931.9,2022-05-18,Active
734,Customer_734,4419.25,2022-01-27,Active
735,Customer_735,2100.69,2022-05-16,Active
736,Customer_736,4361.57,2022-02-17,Active
737,Customer_737,3218.13,2022-10-28,Active
738,Customer_738,1118.79,2022-09-30,Active
739,Customer_739,4655.42,2022-03-22,Active
740,Customer_740,2458.81,2022-09-09,Active
741,Customer_741,4703.04,2022-11-18,Active
742,Customer_742,4137.29,2022-05-19,Active
743,Customer_743,1289.28,2022-12-18,Active
744,Customer_744,4709.56,2022-10-27,Active
745,Customer_745,3282.75,2022-12-22,Active
746,Customer_746,3670.33,2022-06-15,Active
747,Customer_747,4249.27,2022-12-05,Active
748,Customer_748,3046.17,2022-06-28,Active
749,Customer_749,4866.47,2022-12-19,Active
750,Customer_750,2203.18,2022-05-10,Active
751,Customer_751,4393.61,2022-04-25,Active
752,Customer_752,4688.48,2022-07-04,Active
753,Customer_753,2492.87,2022-12-21,Active
754,Customer_754,1361.25,2022-09-01,Active
755,Customer_755,1102.8,2022-05-17,Active
756,Customer_756,3024.26,2022-01-19,Active
757,Customer_757,1209.73,2022-08-21,Active
758,Customer_758,1579.7,2022-12-31,Active
759,Customer_759,1250.37,2022-05-23,Active
760,Customer_760,1037.17,2022-05-21,Active
761,Customer_761,2453.57,2022-01-12,Active
762,Customer_762,4165.54,2022-10-23,Active
763,Customer_763,2407.47,2022-06-15,Active
764,Customer_764,4208.48,2022-09-15,Active
765,Customer_765,2033.5,2022-09-21,Active
766,Customer_766,4753.76,2022-02-10,Active
767,Customer_767,3452.25,2022-12-16,Active
768,Customer_768,1711.58,2022-08-01,Active
769,Customer_769,3151.84,2022-12-25,Active
770,Customer_770,2493.23,2022-12-26,Active
771,Customer_771,3384.38,2022-08-03,Active
772,Customer_772,3411.66,2022-10-29,Active
773,Customer_773,2117.41,2022-04-19,Active
774,Customer_774,3920.07,2022-07-14,Active
775,Customer_775,2198.78,2022-08-10,Active
776,Customer_776,1781.47,2022-08-09,Active
777,Customer_777,4654.55,2022-04-09,Active
778,Customer_778,3956.78,2022-10-05,Active
779,Customer_779,1646.52,2022-07-26,Active
780,Customer_780,3443.71,2022-11-26,Active
781,Customer_781,2446.05,2022-01-14,Active
782,Customer_782,3818.53,2022-12-19,Active
783,Customer_783,3599.51,2022-05-02,Active
784,Customer_784,3909.26,2022-08-30,Active
785,Customer_785,2720.03,2022-09-14,Active
786,Customer_786,3104.63,2022-09-08,Active
787,Customer_787,2042.33,2022-10-25,Active
788,Customer_788,2795.88,2022-01-09,Active
789,Customer_789,2410.19,2022-09-18,Active
790,Customer_790,2139.42,2022-06-23,Active
791,Customer_791,4542.88,2022-02-18,Active
792,Customer_792,2360.83,2022-11-21,Active
793,Customer_793,1370.04,2022-08-25,Active
794,Customer_794,1438.42,2022-03-19,Active
795,Customer_795,1297.18,2022-09-15,Active
796,Customer_796,1143.29,2022-08-06,Active
797,Customer_797,3317.08,2022-07-03,Active
798,Customer_798,4217.21,2022-10-17,Active
799,Customer_799,4237.1,2022-07-04,Active
800,Customer_800,2075.12,2022-06-29,Active
801,Customer_801,1628.18,2022-03-28,Active
802,Customer_802,4970.47,2022-05-15,Active
803,Customer_803,1264.41,2022-03-13,Active
804,Customer_804,2388.62,2022-01-12,Active
805,Customer_805,4529.68,2022-04-26,Active
806,Customer_806,4904.84,2022-06-03,Active
807,Customer_807,2763.82,2022-08-11,Active
808,Customer_808,2244.66,2022-12-05,Active
809,Customer_809,1091.62,2022-08-24,Active
810,Customer_810,2089.58,2022-09-21,Active
811,Customer_811,2428.88,2022-05-21,Active
812,Customer_812,2720.7,2022-02-18,Active
813,Customer_813,2747.66,2022-03-07,Active
814,Customer_814,3297.51,2022-10-15,Active
815,Customer_815,3530.69,2022-05-11,Active
816,Customer_816,3002.94,2022-04-05,Active
817,Customer_817,3708.6,2022-01-18,Active
818,Customer_818,4781.88,2022-07-17,Active
819,Customer_819,3650.12,2022-10-02,Active
820,Customer_820,2958.53,2022-08-04,Active
821,Customer_821,1926.36,2022-10-21,Active
822,Customer_822,2638.43,2022-07-28,Active
823,Customer_823,4443.34,2022-01-06,Active
824,Customer_824,4911.97,2022-04-06,Active
825,Customer_825,2276.25,2022-03-29,Active
826,Customer_826,1644.47,2022-09-22,Active
827,Customer_827,1613.24,2022-06-10,Active
828,Customer_828,2752.75,2022-07-26,Active
829,Customer_829,1272.41,2022-10-09,Active
830,Customer_830,2435.72,2022-09-09,Active
831,Customer_831,4979.66,2022-07-07,Active
832,Customer_832,3963.03,2022-05-18,Active
833,Customer_833,1147.97,2022-06-26,Active
834,Customer_834,3266.96,2022-08-22,Active
835,Customer_835,2225.13,2022-06-22,Active
836,Customer_836,2585.44,2022-01-08,Active
837,Customer_837,2156.18,2022-06-14,Active
838,Customer_838,2616.78,2022-02-23,Active
839,Customer_839,4196.38,2022-10-07,Active
840,Customer_840,4303.07,2022-06-22,Active
841,Customer_841,1831.44,2022-08-10,Active
842,Customer_842,2313.63,2022-07-24,Active
843,Customer_843,2880.22,2022-10-02,Active
844,Customer_844,4975.32,2022-08-02,Active
845,Customer_845,2095.29,2022-05-21,Active
846,Customer_846,2874.97,2022-07-14,Active
847,Customer_847,1181.8,2022-11-24,Active
848,Customer_848,2063.25,2022-10-21,Active
849,Customer_849,1663.73,2022-05-14,Active
850,Customer_850,4515.29,2022-12-28,Active
851,Customer_851,2013.61,2022-08-04,Active
852,Customer_852,2386.94,2022-07-02,Active
853,Customer_853,4033.38,2022-07-17,Active
854,Customer_854,2848.23,2022-12-26,Active
855,Customer_855,3871.54,2022-09-22,Active
856,Customer_856,2970.71,2022-11-17,Active
857,Customer_857,4970.65,2022-12-08,Active
858,Customer_858,2698.46,2022-07-08,Active
859,Customer_859,2625.15,2022-01-11,Active
860,Customer_860,1426.84,2022-05-23,Active
861,Customer_861,3262.21,2022-12-21,Active
862,Customer_862,3730.47,2022-10-22,Active
863,Customer_863,1323.91,2022-10-10,Active
864,Customer_864,4990.62,2022-08-22,Active
865,Customer_865,1565.99,2022-05-13,Active
866,Customer_866,3503.12,2022-07-31,Active
867,Customer_867,3341.12,2022-01-14,Active
868,Customer_868,4921.74,2022-06-06,Active
869,Customer_869,1984.43,2022-09-29,Active
870,Customer_870,4769.55,2022-10-28,Active
871,Customer_871,4800.74,2022-04-15,Active
872,Customer_872,3619.99,2022-02-24,Active
873,Customer_873,2399.25,2022-08-17,Active
874,Customer_874,3385.01,2022-09-24,Active
875,Customer_875,4262.08,2022-12-11,Active
876,Customer_876,1939.29,2022-12-21,Active
877,Customer_877,3680.16,2022-03-16,Active
878,Customer_878,3460.85,2022-03-18,Active
879,Customer_879,1219.93,2022-10-12,Active
880,Customer_880,1947.95,2022-04-28,Active
881,Customer_881,4433.99,2022-07-25,Active
882,Customer_882,3209.58,2022-04-07,Active
883,Customer_883,2689.94,2022-06-22,Active
884,Customer_884,1973.48,2022-09-22,Active
885,Customer_885,4800.77,2022-02-14,Active
886,Customer_886,2790.07,2022-07-10,Active
887,Customer_887,4328.71,2022-03-29,Active
888,Customer_888,4832.19,2022-08-14,Active
889,Customer_889,2608.17,2022-03-23,Active
890,Customer_890,4890.31,2022-10-02,Active
891,Customer_891,4280.91,2022-09-14,Active
892,Customer_892,1782.88,2022-07-29,Active
893,Customer_893,1731.6,2022-02-12,Active
894,Customer_894,2459.64,2022-07-28,Active
895,Customer_895,1727.42,2022-01-21,Active
896,Customer_896,3570.52,2022-12-30,Active
897,Customer_897,2506.29,2022-11-07,Active
898,Customer_898,4102.0,2022-01-18,Active
899,Customer_899,2075.76,2022-02-26,Active
900,Customer_900,1251.59,2022-02-13,Active
901,Customer_901,1777.28,2022-05-10,Active
902,Customer_902,3995.57,2022-05-23,Active
903,Customer_903,2911.2,2022-01-31,Active
904,Customer_904,2226.35,2022-05-24,Active
905,Customer_905,4243.15,2022-10-27,Active
906,Customer_906,3307.09,2022-10-09,Active
907,Customer_907,1540.45,2022-03-13,Active
908,Customer_908,2863.37,2022-05-25,Active
909,Customer_909,3171.26,2022-10-10,Active
910,Customer_910,1628.09,2022-09-11,Active
911,Customer_911,2206.01,2022-10-11,Active
912,Customer_912,3916.87,2022-03-30,Active
913,Customer_913,3300.13,2022-12-22,Active
914,Customer_914,3377.35,2022-10-07,Active
915,Customer_915,4108.76,2022-04-24,Active
916,Customer_916,1171.77,2022-08-02,Active
917,Customer_917,4805.32,2022-07-02,Active
918,Customer_918,3848.98,2022-11-19,Active
919,Customer_919,4785.32,2022-01-20,Active
920,Customer_920,2129.99,2022-05-20,Active
921,Customer_921,4465.82,2022-08-23,Active
922,Customer_922,1665.13,2022-05-25,Active
923,Customer_923,4513.94,2022-07-14,Active
924,Customer_924,1108.94,2022-05-18,Active
925,Customer_925,2051.62,2022-09-15,Active
926,Customer_926,3410.03,2022-05-28,Active
927,Customer_927,2384.93,2022-02-26,Active
928,Customer_928,1648.29,2022-08-23,Active
929,Customer_929,1585.03,2022-11-30,Active
930,Customer_930,4604.11,2022-04-10,Active
931,Customer_931,4953.44,2022-10-29,Active
932,Customer_932,4396.08,2022-12-01,Active
933,Customer_933,4445.24,2022-07-05,Active
934,Customer_934,3572.47,2022-10-18,Active
935,Customer_935,1945.3,2022-09-27,Active
936,Customer_936,4574.39,2022-04-23,Active
937,Customer_937,1126.29,2022-05-13,Active
938,Customer_938,1960.5,2022-03-30,Active
939,Customer_939,1743.4,2022-07-25,Active
940,Customer_940,2652.11,2022-10-20,Active
941,Customer_941,2946.89,2022-06-07,Active
942,Customer_942,2387.45,2022-06-26,Active
943,Customer_943,1550.41,2022-10-09,Active
944,Customer_944,3337.99,2022-05-06,Active
945,Customer_945,3395.99,2022-12-13,Active
946,Customer_946,2015.26,2022-05-01,Active
947,Customer_947,2807.7,2022-07-14,Active
948,Customer_948,4003.99,2022-06-29,Active
949,Customer_949,2036.73,2022-12-24,Active
950,Customer_950,3552.91,2022-11-25,Active
951,Customer_951,2920.03,2022-08-18,Active
952,Customer_952,1442.14,2022-07-17,Active
953,Customer_953,2748.7,2022-11-05,Active
954,Customer_954,4263.77,2022-09-13,Active
955,Customer_955,4357.74,2022-10-16,Active
956,Customer_956,2376.66,2022-10-25,Active
957,Customer_957,2683.42,2022-02-02,Active
958,Customer_958,1074.54,2022-01-19,Active
959,Customer_959,2360.17,2022-05-28,Active
960,Customer_960,1391.42,2022-07-27,Active
961,Customer_961,2202.15,2022-09-26,Active
962,Customer_962,4581.2,2022-04-01,Active
963,Customer_963,1233.54,2022-07-06,Active
964,Customer_964,4220.2,2022-06-09,Active
965,Customer_965,2933.48,2022-09-13,Active
966,Customer_966,4355.03,2022-11-02,Active
967,Customer_967,2242.37,2022-10-29,Active
968,Customer_968,2211.92,2022-03-16,Active
969,Customer_969,1226.99,2022-03-05,Active
970,Customer_970,1808.28,2022-07-01,Active
971,Customer_971,3450.9,2022-12-01,Active
972,Customer_972,2445.17,2022-09-27,Active
973,Customer_973,1092.38,2022-07-17,Active
974,Customer_974,3208.46,2022-05-26,Active
975,Customer_975,2289.31,2022-12-20,Active
976,Customer_976,1747.89,2022-02-19,Active
977,Customer_977,3966.3,2022-01-01,Active
978,Customer_978,3545.13,2022-07-22,Active
979,Customer_979,3148.62,2022-02-26,Active
980,Customer_980,4011.43,2022-12-15,Active
981,Customer_981,4453.6,2022-09-06,Active
982,Customer_982,4326.21,2022-05-02,Active
983,Customer_983,3020.1,2022-06-23,Active
984,Customer_984,3326.12,2022-02-22,Active
985,Customer_985,1911.02,2022-05-01,Active
986,Customer_986,1594.33,2022-10-30,Active
987,Customer_987,4071.58,2022-02-20,Active
988,Customer_988,4520.16,2022-11-13,Active
989,Customer_989,2471.01,2022-06-27,Active
990,Customer_990,1779.3,2022-08-13,Active
991,Customer_991,2384.49,2022-01-21,Active
992,Customer_992,4142.03,2022-01-28,Active
993,Customer_993,1274.71,2022-07-19,Active
994,Customer_994,1127.88,2022-11-06,Active
995,Customer_995,3821.07,2022-02-16,Active
996,Customer_996,3379.16,2022-06-14,Active
997,Customer_997,3254.53,2022-07-27,Active
998,Customer_998,1818.08,2022-09-02,Active
999,Customer_999,2423.92,2022-08-04,Active
1000,Customer_1000,1849.79,2022-04-23,Active
